{"cameraMode":{"drawMode":0,"name":"Shaded","section":"Shading Mode"},"sceneLighting":true,"audioPlay":false,"sceneViewState":{"m_AlwaysRefresh":false,"showFog":true,"showSkybox":true,"showFlares":true,"showImageEffects":true,"showParticleSystems":true,"showVisualEffectGraphs":true,"m_FxEnabled":true},"in2DMode":false,"pivot":{"x":0.1607954353094101,"y":1.1039814949035645,"z":-1.0381226539611817},"rotation":{"x":-0.0017993615474551917,"y":-0.9952504634857178,"z":0.0973503440618515,"w":-0.015479214489459992},"size":1.7182245254516602,"orthographic":false}